time;Azymut:;K¹t Pitch:;K¹t Roll:
0.008;84.962;-44.594;11.543
0.022;67.755;-45.395;6.487
0.042;168.243;-38.79;1.219
0.044;175.456;-38.79;1.219
0.062;-177.887;-35.598;0.354
0.082;177.881;-37.03;1.051
0.101;151.982;-39.095;3.764
0.106;127.525;-39.095;3.764
0.121;138.311;-37.517;4.135
0.142;137.681;-38.267;3.299
0.162;134.049;-38.909;2.986
0.171;127.022;-38.909;2.986
0.187;133.307;-40.259;-0.409
0.201;157.217;-40.129;-2.142
0.221;143.933;-37.23;1.707
0.236;138.267;-37.23;1.707
0.24;132.879;-37.354;2.701
0.261;119.292;-39.24;2.306
0.281;126.4;-39.224;0.802
0.302;141.904;-37.615;0.616
0.303;151.178;-37.615;0.616
0.32;135.462;-38.823;1.016
0.342;126.009;-39.417;1.088
0.359;152.644;-39.51;-0.846
0.365;178.431;-39.51;-0.846
0.379;-123.813;-40.449;-3.674
0.399;-48.223;-43.576;-3.568
0.422;142.717;-40.614;0.276
0.429;105.748;-40.614;0.276
0.442;166.235;-33.657;0.582
0.478;162.202;-32.886;1.663
0.493;162.89;-32.886;1.663
0.498;139.337;-38.725;0.051
0.518;54.922;-40.081;-0.452
0.538;137.539;-38.345;0.585
0.558;77.683;-40.351;2.274
0.558;89.019;-40.351;2.274
0.577;76.349;-40.991;1.383
0.597;153.292;-36.891;-0.409
0.617;171.666;-30.857;-0.807
0.622;167.547;-30.857;-0.807
0.638;158.148;-29.475;1.972
0.657;141.272;-32.858;3.856
0.678;117.938;-37.121;3.037
0.696;101.757;-37.121;3.037
0.697;123.85;-36.381;0.042
0.717;143.138;-32.773;2.004
0.736;147.374;-31.084;2.653
0.75;156.973;-31.084;2.653
0.756;159.072;-32.834;1.466
0.795;36.469;-38.135;0.025
0.816;148.602;-33.423;2.326
0.817;131.087;-33.423;2.326
0.835;136.285;-30.858;4.523
0.855;122.137;-33.323;5.285
0.875;41.26;-45.43;4.513
0.879;38.61;-45.43;4.513
0.895;-28.127;-44.008;-5.545
0.916;-141.403;-35.032;-5.994
0.934;163.619;-31.959;0.562
0.954;137.772;-31.271;7.133
0.974;130.06;-32.613;8.063
0.995;89.62;-38.966;2.974
1.008;75.864;-38.966;2.974
1.016;62.81;-40.025;2.344
1.033;147.403;-32.292;0.734
1.073;139.883;-33.639;0.654
1.074;157.539;-33.639;0.654
1.093;176.51;-36.813;-1.4
1.113;-57.453;-38.722;-3.486
1.133;-68.666;-38.458;-3.888
1.139;-92.098;-38.458;-3.888
1.152;161.573;-32.399;1.412
1.173;161.906;-19.392;6.723
1.196;140.486;-35.221;2.318
1.201;123.337;-35.221;2.318
1.212;-26.942;-51.434;-9.915
1.232;-55.877;-45.245;-14.738
1.251;-84.085;-37.719;-8.001
1.266;-85.3;-37.719;-8.001
1.272;-106.761;-36.859;-4.275
1.291;-177.547;-33.722;-2.81
1.311;-175.403;-32.612;-3.088
1.331;-157.563;-36.682;-2.912
1.332;-170.967;-36.682;-2.912
1.351;141.25;-35.969;-0.14
1.395;32.322;-40.841;-1.453
1.412;-3.984;-44.765;-4.512
1.431;-24.779;-42.432;-6.603
1.461;-31.333;-40.739;-6.765
1.469;-23.972;-41.294;-6.231
1.509;-10.496;-40.948;-4.635
1.523;-0.315;-40.948;-4.635
1.529;66.166;-37.44;-3.639
1.569;115.025;-36.187;-2.101
1.589;27.61;-38.03;-3.996
1.608;1.713;-38.83;-4.828
1.628;30.458;-39.102;-3.229
1.649;34.465;-40.293;-1.951
1.652;37.302;-40.293;-1.951
1.668;1.382;-42.679;-5.299
1.687;-16.503;-45.869;-8.9
1.707;-8.218;-44.358;-6.889
1.717;-10.236;-44.358;-6.889
1.727;33.287;-40.081;-2.13
1.747;67.697;-37.618;-1.545
1.767;54.009;-37.925;-2.528
1.781;50.029;-37.925;-2.528
1.786;28.428;-40.019;-2.755
1.806;6.771;-41.835;-4.633
1.827;-3.151;-41.685;-5.901
1.849;-0.517;-39.271;-5.544
1.849;-25.387;-39.271;-5.544
1.866;-85.477;-36.807;-5.86
1.886;-172.177;-33.518;-4.555
1.906;159.098;-31.39;-1.489
1.911;166.173;-31.39;-1.489
1.925;130.905;-32.624;2.846
1.945;145.601;-30.519;2.191
1.965;160.826;-24.969;1.958
1.974;158.829;-24.969;1.958
1.985;158.182;-21.981;3.643
2.005;152.718;-23.597;4.842
2.024;140.029;-32.514;0.868
2.044;6.993;-42.657;-0.187
2.064;41.873;-44.936;7.252
2.105;134.593;-28.751;10.422
2.105;135.175;-28.751;10.422
2.123;141.12;-29.704;6.775
2.143;105.695;-37.086;3.244
2.163;146.534;-36.734;-0.978
2.168;132.46;-36.734;-0.978
2.185;138.635;-34.633;0.99
2.204;143.666;-29.58;5.183
2.223;140.758;-28.782;7.078
2.232;133.733;-28.782;7.078
2.242;107.812;-34.906;5.646
2.262;74.698;-38.794;2.579
2.282;34.063;-41.679;-0.536
2.298;25.378;-41.679;-0.536
2.322;61.885;-39.436;1.214
2.342;80.547;-39.188;6.326
2.362;67.477;-39.688;2.954
2.362;105.164;-39.688;2.954
2.383;56.563;-42.881;-0.328
2.401;41.541;-43.658;-0.972
2.461;59.218;-43.265;3.497
2.501;55.011;-40.67;2.135
2.579;77.019;-38.775;3.515
2.619;134.76;-33.64;0.808
2.639;81.517;-37.668;-0.218
2.679;148.281;-32.83;-0.335
2.683;151.029;-32.83;-0.335
2.698;162.544;-22.688;1.796
2.719;168.642;-21.509;-0.305
2.738;171.82;-25.915;-2.37
2.747;173.787;-25.915;-2.37
2.759;175.371;-28.689;-3.108
2.778;169.837;-26.66;-1.385
2.797;164.05;-26.753;0.238
2.812;150.103;-26.753;0.238
2.817;145.977;-31.56;-2.599
2.838;164.927;-34.11;-6.193
2.857;-142.978;-34.021;-9.793
2.877;-123.811;-34.258;-12.114
2.878;-116.845;-34.258;-12.114
2.897;-127.131;-33.039;-11.435
2.917;-140.545;-31.62;-10.099
2.937;-154.004;-32.7;-6.977
2.945;-173.187;-32.7;-6.977
2.956;129.274;-35.391;-1.134
2.976;117.847;-35.033;3.031
3.019;65.776;-40.52;-0.217
3.046;11.945;-43.842;-4.072
3.059;-0.205;-42.302;-5.519
3.073;-1.062;-42.302;-5.519
3.085;-10.511;-41.415;-6.194
3.179;58.585;-40.563;-0.571
3.179;93.007;-38.109;3.737
3.179;96.9;-38.109;3.737
3.194;27.353;-46.682;0.85
3.198;33.046;-46.682;0.85
3.214;57.639;-43.39;2.953
3.234;51.848;-42.783;0.585
3.253;19.909;-44.823;-2.742
3.264;29.889;-44.823;-2.742
3.273;65.56;-41.728;-1.129
3.293;121.53;-36.865;-0.079
3.343;99.151;-39.924;6.783
3.363;73.896;-43.636;4.931
3.375;109.041;-39.793;-1.769
3.394;165.057;-27.931;-1.288
3.395;168.157;-27.931;-1.288
3.416;165.412;-22.074;1.646
3.434;164.507;-22.196;2.055
3.476;155.562;-32.058;0.433
3.494;142.913;-33.099;4.028
3.513;126.408;-34.64;10.716
3.521;122.946;-34.64;10.716
3.536;126.352;-34.118;9.436
3.552;144.979;-33.618;2.132
3.588;135.615;-33.618;2.132
3.593;150.561;-30.935;-0.126
3.613;144.112;-30.826;2.232
3.638;137.578;-31.33;4.447
3.655;146.949;-28.095;3.627
3.656;146.918;-28.095;3.627
3.674;149.967;-25.894;3.962
3.695;157.48;-28.256;-0.881
3.713;165.519;-31.917;-4.871
3.717;172.052;-31.917;-4.871
3.779;165.478;-29.648;-3.075
3.809;166.634;-32.205;-4.269
3.844;177.195;-38.314;-5.283
3.853;178.911;-41.051;-5.572
3.872;162.519;-34.748;-1.793
3.891;165.122;-30.558;-0.876
3.911;158.604;-33.879;-0.362
3.911;156.616;-33.879;-0.362
3.929;147.336;-35.387;1.275
3.949;154.1;-35.029;-0.392
3.968;149.633;-35.688;0.336
3.972;152.345;-35.688;0.336
3.989;154.842;-33.819;0.812
4.009;156.026;-35.183;-0.505
4.031;-161.157;-43.766;-7.913
4.044;-176.233;-43.766;-7.913
4.067;-145.831;-39.233;-16.071
4.107;168.122;-27.947;-1.565
4.128;161.959;-28.478;1.565
4.147;163.692;-31.042;-0.471
4.168;163.641;-31.93;-0.826
4.168;169.732;-31.93;-0.826
4.187;164.235;-34.437;0.421
4.206;175.088;-35.419;-3.366
4.231;-163.706;-33.206;-11.499
4.247;-153.533;-32.435;-16.331
4.266;-158.192;-31.04;-14.97
4.286;-167.219;-27.887;-11.899
4.294;-164.102;-27.887;-11.899
4.329;-161.112;-32.907;-10.952
4.345;-151.048;-36.435;-12.099
4.361;-149.879;-36.435;-12.099
4.364;-152.365;-33.797;-13.3
4.385;-153.282;-31.419;-14.685
4.404;-157.613;-29.981;-13.456
4.434;-157.209;-29.019;-14.245
4.436;-144.675;-29.019;-14.245
4.451;-137.329;-32.564;-14.58
4.467;-142.996;-31.89;-12.076
4.492;-151.578;-27.772;-11.243
4.493;-148.004;-27.772;-11.243
4.505;-153.008;-27.017;-8.533
4.524;-149.555;-30.376;-7.897
4.544;-136.514;-34.997;-10.125
4.553;-133.29;-34.997;-10.125
4.565;-134.557;-34.37;-10.287
4.589;-148.587;-30.039;-6.515
4.603;-158.431;-26.851;-3.193
4.618;-159.335;-26.851;-3.193
4.625;-161.39;-27.027;-1.938
4.644;-157.008;-30.21;-2.528
4.668;-152.474;-32.902;-2.849
4.687;-157.435;-32.007;-1.23
4.689;-151.994;-32.007;-1.23
4.707;-169.192;-25.864;3.055
4.722;-174.016;-23.688;4.908
4.742;-172.325;-26.015;4.488
4.746;-167.815;-26.015;4.488
4.765;-160.486;-32.209;4.201
4.783;-144.924;-34.614;1.148
4.802;-151.576;-31.038;0.42
4.816;-149.463;-31.038;0.42
4.843;-152.035;-31.002;1.287
4.845;-158.34;-32.31;3.971
4.879;-157.397;-32.31;3.971
4.881;-166.054;-31.26;5.565
4.904;-156.609;-34.686;5.155
4.941;-156.262;-33.007;4.107
4.942;-151.238;-33.007;4.107
4.962;-176.877;-33.225;10.001
5.004;-176.623;-39.139;11.507
5.067;-109.426;-38.415;6.473
5.099;-85.497;-39.825;11.241
5.119;176.264;-36.23;12.277
5.134;165.237;-36.23;12.277
5.139;170.375;-33.611;12.674
5.178;-115.078;-36.48;8.679
5.199;-4.349;-38.076;11.774
5.199;-42.154;-38.076;11.774
5.218;24.899;-38.81;14.293
5.238;29.898;-38.979;14.683
5.257;53.328;-37.109;13.598
5.263;8.595;-37.109;13.598
5.277;-46.288;-36.429;11.712
5.298;-58.284;-38.303;7.429
5.322;-47.497;-40.568;6.389
5.329;-42.071;-40.568;6.389
5.345;-25.578;-42.466;8.051
5.361;-26.953;-43.243;7.324
5.378;-40.76;-43.027;4.237
5.393;-42.624;-43.027;4.237
5.395;-43.781;-44.378;2.499
5.415;-37.068;-45.528;3.581
5.435;-48.278;-42.155;3.584
5.455;-79.181;-36.681;3.817
5.456;-72.063;-36.681;3.817
5.476;-99.31;-33.434;4.738
5.496;-94.911;-33.94;6.578
5.516;-41.295;-38.457;7.586
5.519;-45.227;-38.457;7.586
5.541;-39.806;-42.491;4.892
5.556;-60.121;-40.177;0.689
5.577;-79.386;-35.911;0.428
5.594;-75.65;-34.537;1.152
5.616;-64.565;-36.843;0.96
5.642;-59.108;-40.091;-2.157
5.654;-61.716;-40.091;-2.157
5.656;-64.795;-40.973;-5.317
5.675;-66.411;-39.297;-3.207
5.694;-76.653;-35.422;0.039
5.714;-65.008;-37.667;0.665
5.733;-39.397;-47.36;-0.666
5.755;-28.439;-57.31;-1.795
5.772;-28.073;-55.669;-0.73
5.777;-25.387;-55.669;-0.73
5.792;-31.234;-45.001;2.414
5.812;-46.053;-38.606;2.858
5.833;-54.753;-38.402;0.166
5.842;-68.227;-38.402;0.166
5.856;-63.251;-42.648;-4.35
5.875;-56.793;-47.494;-6.914
5.893;-49.533;-48.913;-4.138
5.908;-44.942;-48.913;-4.138
5.912;-42.896;-45.468;-0.017
5.933;-49.436;-41.408;1.328
5.951;-50.763;-40.975;1.295
5.972;-46.886;-48.264;-4.592
5.972;-44.458;-48.264;-4.592
5.991;-41.594;-50.309;-4.681
6.011;-41.683;-44.285;0.231
6.035;-27.114;-41.257;8.333
6.051;-32.519;-43.539;5.284
6.072;-39.305;-50.801;-2.925
6.095;-41.795;-54.757;-7.364
6.101;-42.624;-54.757;-7.364
6.135;-43.851;-48.805;-3.148
6.153;-46.891;-44.611;-0.69
6.164;-45.148;-44.611;-0.69
6.167;-45.438;-45.486;-1.671
6.188;-50.475;-44.562;-3.138
6.248;-61.368;-36.7;2.869
6.249;-173.833;-24.73;13.215
6.249;-162.535;-24.73;13.215
6.267;-80.289;-33.397;1.638
6.287;-64.528;-47.582;-14.773
6.292;-65.254;-47.582;-14.773
6.347;-135.935;-20.948;3.098
6.359;-137.852;-20.948;3.098
6.371;-132.064;-23.737;4.027
6.389;-89.065;-32.648;3.259
6.409;-70.191;-34.646;7.156
6.422;-74.858;-34.646;7.156
6.449;-132.735;-27.293;7.024
6.467;-98.811;-32.015;6.472
6.488;-58.551;-38.102;4.805
6.489;-55.173;-38.102;4.805
6.507;-53.192;-37.673;5.952
6.546;-170.58;-29.998;12.624
6.549;-175.969;-29.998;12.624
6.566;-152.212;-29.664;9.941
6.586;-144.286;-28.153;7.446
6.606;-151.193;-26.046;7.359
6.616;-151.151;-26.046;7.359
6.624;-133.372;-29.251;5.997
6.645;-89.429;-35.209;2.404
6.665;-84.186;-36.21;1.392
6.681;-79.705;-36.21;1.392
6.687;-100.261;-32.279;3.615
6.744;-133.215;-26.108;4.857
6.745;-126.739;-26.108;4.857
6.764;-107.9;-29.196;0.732
6.786;-98.948;-31.264;-2.125
6.803;-96.129;-31.949;-0.476
6.807;-97.447;-31.949;-0.476
6.823;-89.845;-33.423;2.973
6.843;-81.237;-35.342;2.116
6.869;-80.349;-36.171;-0.202
6.873;-82.72;-36.171;-0.202
6.893;-86.354;-35.633;-1.761
6.908;-88.059;-35.089;-1.091
6.922;-83.104;-35.696;1.508
6.937;-83.201;-35.696;1.508
6.942;-89.329;-34.164;5.768
6.962;-113.987;-32.447;10.173
6.982;131.262;-33.557;14.356
7.002;39.888;-36.368;16.559
7.002;19.855;-36.368;16.559
7.022;18.573;-38.094;17.129
7.041;30.715;-37.94;18.668
7.062;34.477;-39.277;20.28
7.065;42.948;-39.277;20.28
7.089;47.901;-38.359;20.217
7.104;87.26;-34.127;20.848
7.124;136.014;-30.679;17.751
7.129;137.029;-30.679;17.751
7.206;91.506;-35.458;21.132
7.218;133.595;-31.702;18.601
7.237;134.628;-33.027;16.713
7.258;105.162;-34.244;19.544
7.259;108.605;-34.244;19.544
7.278;113.508;-33.418;20.911
7.297;117.847;-33.137;20.368
7.318;98.801;-34.983;19.65
7.377;-170.737;-24.712;12.342
7.386;-169.839;-24.712;12.342
7.396;-168.336;-20.754;10.951
7.418;-169.355;-19.864;11.111
7.437;-160.097;-20.094;7.592
7.453;-167.305;-20.094;7.592
7.457;-159.511;-22.385;5.054
7.483;-143.822;-26.656;1.101
7.524;-116.559;-32.917;-5.962
7.525;-121.402;-32.917;-5.962
7.576;-140.213;-26.166;-4.738
7.596;-146.465;-26.711;-6.612
7.616;-142.535;-27.744;-8.344
7.637;-136.356;-29.975;-10.31
7.645;-137.413;-29.975;-10.31
7.655;-140.782;-28.983;-9.022
7.675;-137.609;-29.599;-10.708
7.695;-127.214;-33.274;-13.954
7.714;-125.255;-35.23;-15.37
7.735;-125.364;-35.724;-13.665
7.755;-129.611;-35.421;-9.89
7.775;-139.807;-32.634;-7.06
7.775;-141.421;-32.634;-7.06
7.795;-148.141;-30.665;-5.588
7.814;-145.882;-31.323;-6.127
7.834;-136.655;-33.917;-8.046
7.837;-145.263;-33.917;-8.046
7.856;-139.133;-34.999;-10.303
7.873;-144.472;-32.931;-9.602
7.894;-144.243;-33.288;-9.335
7.902;-146.889;-33.288;-9.335
7.913;-143.085;-35.021;-9.408
7.933;-151.02;-32.642;-7.848
7.953;-161.022;-29.286;-5.196
7.968;-166.183;-29.286;-5.196
7.979;-164.062;-29.915;-5.93
7.993;-151.309;-32.566;-10.323
8.013;-144.614;-33.362;-13.135
8.033;-150.048;-31.695;-11.72
8.034;-149.223;-31.695;-11.72
8.054;-154.771;-30.235;-10.177
8.081;-146.992;-33.309;-11.287
8.101;-131.59;-38.615;-11.059
8.102;-138.796;-38.615;-11.059
8.124;-149.114;-38.068;-8.878
8.134;-162.438;-34.299;-7.781
8.157;-156.701;-36.276;-8.312
8.166;-158.829;-36.276;-8.312
8.171;-123.385;-41.79;-9.951
8.211;-147.696;-39.251;-8.553
8.226;-153.744;-39.251;-8.553
8.231;-176.139;-38.161;-5.615
8.272;167.565;-36.687;-2.689
8.291;152.351;-35.256;-1.557
8.311;144.19;-35.967;-0.097
8.335;114.356;-40.869;-0.487
8.356;70.681;-44.51;-1.257
8.357;56.34;-44.51;-1.257
8.373;79.793;-42.594;-0.729
8.393;121.934;-38.781;-0.33
8.416;134.306;-35.372;2.203
8.418;137.053;-35.372;2.203
8.429;129.032;-37.573;1.162
8.448;44.551;-44.504;-2.449
8.469;30.593;-46.137;-2.591
8.483;60.65;-46.137;-2.591
8.487;107.685;-42.331;-1.012
8.508;131.949;-37.539;2.094
8.528;137.925;-36.836;0.917
8.546;128.882;-36.836;0.917
8.567;130.959;-38.665;-2.893
8.569;129.107;-39.246;-3.544
8.607;139.652;-37.576;-3.028
8.613;128.888;-37.576;-3.028
8.639;131.39;-34.671;1.239
8.667;116.484;-36.412;5.373
8.675;122.599;-36.412;5.373
8.686;107.12;-40.058;2.149
8.706;83.624;-43.059;1.906
8.726;95.36;-41.612;-1.283
8.744;-133.01;-39.869;-6.732
8.766;-18.279;-48.05;-7.232
8.789;-5.862;-55.944;-6.322
8.806;-15.575;-56.536;-9.845
8.806;-12.202;-56.536;-9.845
8.828;3.584;-49.754;-4.857
8.846;31.744;-45.68;-2.056
8.876;46.778;-44.652;-1.043
8.877;44.287;-44.652;-1.043
8.886;14.31;-44.753;-4.458
8.906;7.137;-46.411;-4.844
8.924;38.855;-46.888;0.432
8.944;54.082;-45.233;1.699
8.963;42.478;-47.414;1.806
8.983;24.654;-51.194;0.358
9.001;15.097;-51.194;0.358
9.003;17.135;-49.912;0.389
9.025;37.04;-44.114;0.236
9.044;78.886;-40.998;0.501
9.067;37.814;-42.787;-0.975
9.069;69.505;-42.787;-0.975
9.085;25.797;-47.545;-2.741
9.103;18.103;-48.917;-3.486
9.123;36.658;-46.918;-1.181
9.126;37.319;-46.918;-1.181
9.142;62.195;-44.825;0.324
9.166;85.253;-42.745;0.104
9.182;66.031;-43.99;-0.866
9.192;69.797;-43.99;-0.866
9.212;48.528;-45.906;-0.858
9.236;127.007;-39.132;0.522
9.242;178.968;-31.271;-5.61
9.261;175.005;-31.271;-5.61
9.264;-169.898;-27.176;-10.617
9.281;-177.765;-26.121;-7.795
9.363;167.039;-27.34;-2.223
9.364;160.565;-29.548;-0.704
9.365;163.27;-29.548;-0.704
9.366;152.982;-32.06;1.464
9.367;145.945;-31.97;4.204
9.404;141.123;-32.032;3.494
9.421;139.332;-34.597;1.112
9.439;140.111;-35.076;0.223
9.447;146.429;-35.076;0.223
9.479;144.196;-31.917;4.419
9.498;147.818;-30.8;3.685
9.513;146.877;-30.8;3.685
9.518;138.862;-35.769;1.743
9.539;105.199;-42.809;-2.238
9.563;95.166;-43.643;0.41
9.619;139.37;-35.502;2.396
9.658;138.572;-39.179;-2.832
9.677;129.006;-41.903;-5.159
9.697;88.314;-44.387;-3.912
9.716;124.826;-43.165;-3.795
9.737;131.532;-42.218;-3.15
9.763;115.556;-44.518;-6.059
9.781;136.714;-44.518;-6.059
9.784;104.3;-45.595;-3.358
9.816;144.276;-38.873;-0.556
9.836;147.492;-38.873;-0.556
9.854;153.856;-35.631;0.044
9.876;136.929;-41.685;-0.913
9.896;50.944;-49.254;-3.531
9.899;54.668;-49.254;-3.531
9.917;177.474;-43.412;-7.262
9.935;-178.102;-28.823;-8.398
9.956;-178.609;-22.261;-8.379
9.964;178.101;-22.261;-8.379
9.983;177.472;-27.19;-8.289
10.002;-175.106;-35.58;-10.963
10.019;179.662;-37.066;-9.458
10.036;-179.35;-37.066;-9.458
10.041;161.386;-33.503;-3.114
10.059;153.568;-28.759;3.457
10.073;159.591;-30.475;-0.821
10.093;-173.461;-32.828;-11.504
10.093;-170.021;-32.828;-11.504
10.113;-159.127;-31.35;-16.449
10.132;-174.409;-29.054;-10.486
10.152;166.053;-28.325;-1.584
10.155;167.412;-28.325;-1.584
10.172;156.963;-32.131;1.669
10.192;140.491;-37.922;3.733
10.212;135.359;-37.542;7.009
10.221;129.467;-37.542;7.009
10.232;141.867;-31.48;8.332
10.252;145.22;-30.626;7.045
10.274;142.797;-33.425;5.353
10.287;146.935;-33.425;5.353
10.294;147.942;-33.628;4.661
10.313;146.972;-33.345;5.414
10.331;142.472;-33.099;8.203
10.352;139.75;-32.614;10.678
10.353;133.353;-32.614;10.678
10.371;131.4;-33.475;10.727
10.392;130.741;-34.832;8.515
10.411;131.692;-35.6;6.339
10.414;135.469;-35.6;6.339
10.432;136.863;-34.091;7.838
10.474;141.435;-31.074;8.768
10.493;139.448;-33.147;7.413
10.511;136.207;-34.513;7.631
10.536;135.461;-33.713;9.552
10.544;131.468;-33.713;9.552
10.549;131.891;-33.195;10.212
10.589;139.923;-29.928;8.448
10.609;143.732;-28.664;7.024
10.653;146.277;-29.605;4.796
10.685;144.452;-29.552;2.702
10.698;147.739;-26.214;3.733
10.708;148.656;-22.16;6.663
10.727;152.662;-19.709;5.058
10.736;148.856;-19.709;5.058
10.751;151.942;-19.781;2.154
10.786;153.531;-18.392;1.738
10.802;148.955;-18.392;1.738
10.805;146.301;-19.948;2.878
10.826;146.39;-25.423;-2.417
10.845;146.595;-28.029;-5.047
10.866;149.718;-24.975;-4.279
10.867;143.632;-24.975;-4.279
10.886;146.412;-22.179;-3.44
10.906;147.755;-22.315;-4.47
10.926;154.104;-24.771;-9.844
10.945;139.899;-26.768;-11.463
10.966;133.891;-27.768;-9.848
10.991;122.311;-29.247;-4.634
10.997;112.462;-29.247;-4.634
11.008;109.153;-30.423;-5.155
11.025;102.612;-32.55;-8.108
11.059;94.783;-32.55;-8.108
11.063;96.841;-32.051;-8.387
11.085;100.932;-31.002;-6.026
11.104;92.081;-33.415;-6.052
11.131;84.033;-35.232;-7.534
11.133;75.407;-35.232;-7.534
11.145;81.22;-33.527;-8.375
11.166;89.297;-32.057;-5.517
11.182;98.23;-29.617;-3.502
11.187;94.46;-29.617;-3.502
11.203;90.254;-30.79;-4.267
11.223;76.123;-33.944;-7.189
11.243;71.727;-34.425;-8.846
11.256;64.443;-34.425;-8.846
11.261;61.94;-34.374;-9.947
11.282;50.244;-35.607;-11.887
11.302;35.691;-35.948;-14.966
11.317;31.455;-35.948;-14.966
11.324;26.031;-36.777;-15.673
11.342;18.656;-36.895;-17.188
11.362;7.323;-38.258;-19.219
11.382;7.521;-39.23;-19.035
11.383;7.263;-39.23;-19.035
11.402;8.045;-39.497;-18.784
11.422;-2.894;-39.908;-21.767
11.448;8.908;-40.134;-18.441
11.469;24.91;-39.749;-11.794
11.485;29.87;-39.732;-10.092
11.506;22.158;-40.644;-12.326
11.561;37.307;-38.651;-9.656
11.574;37.246;-38.651;-9.656
11.579;30.755;-43.025;-9.512
11.599;28.434;-45.902;-9.03
11.622;20.897;-48.719;-11.487
11.647;15.97;-50.179;-13.496
11.648;13.933;-50.179;-13.496
11.664;24.172;-45.304;-10.088
11.686;40.975;-39.344;-5.998
11.712;43.642;-39.584;-4.933
11.716;30.377;-44.376;-8.006
11.737;19.995;-48.164;-11.405
11.757;21.962;-50.202;-9.656
11.766;19.616;-50.202;-9.656
11.777;21.928;-51.61;-7.897
11.796;16.339;-51.253;-11.11
11.818;8.428;-50.392;-15.453
11.837;12.187;-51.123;-14.318
11.857;18.747;-54.212;-9.899
11.879;33.677;-52.424;-1.637
11.899;40.81;-46.134;-1.316
11.899;41.866;-46.134;-1.316
11.924;47.128;-43.664;-0.259
11.943;46.208;-45.626;0.873
11.959;38.86;-48.085;-1.679
11.961;41.782;-48.085;-1.679
11.975;37.405;-49.138;-3.467
11.995;41.631;-47.214;-2.425
12.014;48.223;-45.473;-0.005
12.024;45.167;-45.473;-0.005
12.034;48.544;-46.297;2.845
12.054;47,00;-47.287;2.634
12.102;42.127;-54.097;4.184
12.126;36.827;-51.842;-0.835
12.143;62.885;-34.767;-0.501
12.155;95.634;-22.387;-0.937
12.155;101.845;-22.387;-0.937
12.179;106.371;-21.069;-3.092
12.194;80.894;-28.278;-5.461
12.215;64.285;-33.677;-4.515
12.217;59.006;-33.677;-4.515
12.261;79.204;-29.316;2.519
12.283;78.855;-29.316;2.519
12.293;75.963;-29.144;-0.964
12.314;61.243;-30.923;-7.783
12.341;45.186;-32.481;-12.496
12.362;49.785;-32.481;-12.496
12.364;51.22;-33.531;-10.761
12.383;63.496;-34.023;-4.142
12.395;65.867;-35.231;-0.634
12.491;56.046;-40.027;-0.684
12.491;57.184;-40.027;-0.684
12.492;43.218;-44.819;-4.417
12.492;44.47;-43.221;-5.028
12.493;59.32;-39.979;0.693
12.493;60.077;-39.979;0.693
12.493;56.862;-41.045;-0.276
12.511;42.324;-44.786;-5.603
12.539;27.933;-47.586;-11.272
12.551;36.42;-47.12;-7.281
12.569;49.464;-43.684;-2.895
12.589;44.355;-44.886;-4.704
12.604;42.091;-44.886;-4.704
12.609;22.924;-51.514;-10.648
12.629;21.444;-55.871;-9.821
12.649;35.539;-50.9;-4.039
12.669;45.288;-43.985;-3.777
12.689;57.998;-38.848;-3.386
12.708;72.884;-33.782;-1.562
12.737;85.556;-31.072;1.734
12.748;78.122;-34.742;2.517
12.768;51.204;-44.124;-3.602
12.788;33.108;-46.759;-11.03
12.797;31.301;-46.759;-11.03
12.809;46.47;-37.803;-11.692
12.831;87.058;-28.141;-10.213
12.851;99.532;-25.395;-9.265
12.862;98.726;-25.395;-9.265
12.866;82.748;-29.064;-10.287
12.888;38.144;-37.197;-15.667
12.911;19.688;-42.775;-18.274
12.935;53.76;-37.378;-9.746
12.936;56.977;-37.378;-9.746
12.951;95.653;-27.12;-4.387
13.002;82.412;-30.59;-7.88
13.003;82.756;-30.59;-7.88
13.008;55.738;-36.198;-11.2
13.036;42.852;-41.739;-10.361
13.047;53.814;-42.217;-4.547
13.072;63.22;-39.06;-3.131
13.088;61.85;-37.655;-6.132
13.108;62.639;-36.285;-7.958
13.123;61.531;-36.285;-7.958
13.125;69.31;-33.777;-8.824
13.147;67.89;-34.936;-7.136
13.172;62.393;-35.328;-9.171
13.184;71.568;-33.157;-9.035
13.184;72.022;-33.157;-9.035
13.203;83.413;-30.8;-8.282
13.223;91.523;-29.001;-8.212
13.243;84.424;-29.948;-11.692
13.248;75.046;-29.948;-11.692
13.263;43.304;-34.066;-14.748
13.286;55.207;-32.231;-14.019
13.302;57.543;-30.883;-15.518
13.312;69.573;-30.883;-15.518
13.325;60.062;-31.058;-17.129
13.342;36.474;-32.334;-18.479
13.362;34.916;-32.548;-18.473
13.375;44.379;-32.548;-18.473
13.381;53.45;-33.054;-16.375
13.402;26.932;-36.617;-17.963
13.421;17.065;-40.018;-18.489
13.442;31.258;-38.309;-16.021
13.442;35.342;-38.309;-16.021
13.461;47.62;-34.098;-17.628
13.501;48.602;-34.511;-16.953
13.51;58.454;-34.511;-16.953
13.521;62.643;-34.024;-17.274
13.542;36.307;-34.778;-18.931
13.561;50.992;-36.138;-15.651
13.571;59.322;-36.138;-15.651
13.591;69.58;-36.122;-13.031
13.622;55.997;-36.64;-15.417
13.641;35.411;-36.297;-18.492
13.665;66.228;-35.232;-16.214
13.68;96.575;-32.916;-13.64
13.701;99.611;-32.4;-11.115
13.702;113.779;-32.4;-11.115
13.72;108.119;-32.939;-8.329
13.741;99.353;-34.807;-10.091
13.76;101.723;-34.219;-7.187
13.763;110.619;-34.219;-7.187
13.792;115.57;-31.971;-2.865
13.819;86.104;-39.664;-4.913
13.833;89.492;-39.664;-4.913
13.838;91.55;-39.044;-6.006
13.859;94.817;-38.509;-3.736
13.885;105.426;-35.678;-2.81
13.898;116.934;-35.678;-2.81
13.919;118.267;-33.616;4.545
13.938;108.906;-37.559;9.196
13.959;104.228;-39.914;11.295
13.96;106.554;-39.914;11.295
13.978;112.385;-37.002;9.823
14.021;121.075;-34.036;12.386
14.037;117.017;-36.387;12.803
14.057;110.578;-39.786;10.347
14.077;102.799;-42.942;7.432
14.088;104.81;-42.942;7.432
14.106;102.184;-44.134;9.053
14.123;108.981;-41.412;11.493
14.141;113.928;-39.048;10.458
14.161;116.063;-39.048;10.458
14.162;117.212;-38.708;8.618
14.176;111.91;-41.013;7.757
14.195;108.305;-42.404;7.331
14.22;114.238;-39.944;9.565
14.221;117.284;-39.944;9.565
14.234;125.543;-35.659;10.907
14.255;126.274;-35.794;8.972
14.278;112.469;-42.016;8.117
14.279;113.008;-42.016;8.117
14.296;102.621;-45.267;2.876
14.317;114.429;-42.487;0.585
14.339;120.007;-41.001;0.602
14.344;115.261;-41.001;0.602
14.357;110.705;-42.121;1.044
14.376;104.741;-43.554;2.731
14.394;97.632;-45.342;2.573
14.409;96.187;-45.342;2.573
14.413;96.808;-45.237;3.044
14.433;107.783;-42.534;3.249
14.476;107.151;-42.651;4.254
14.478;109.771;-42.651;4.254
14.492;90.614;-46.57;1.602
14.536;92.84;-46.337;3.248
14.538;93.358;-46.337;3.248
14.561;101.001;-44.934;1.757
14.58;108.597;-43.686;1.023
14.591;117.581;-41.495;3.195
14.604;111.64;-41.495;3.195
14.611;126.858;-38.235;1.415
14.632;133.439;-38.431;-2.358
14.653;115.168;-42.647;-5.222
14.666;115.048;-42.647;-5.222
14.676;137.623;-39.72;-6.293
14.694;151.367;-31.54;-2.772
14.713;147.755;-33.645;-2.946
14.731;150.895;-33.645;-2.946
14.751;96.951;-45.894;-2.015
14.773;40.627;-50.211;-8.656
14.792;137.202;-39.523;-3.843
14.795;142.449;-39.523;-3.843
14.812;157.27;-31.333;-2.926
14.83;147.967;-30.308;3.392
14.85;142.047;-34.988;2.034
14.861;141.752;-34.988;2.034
14.879;-3.023;-49.705;-11.658
14.897;-45.446;-54.565;-22.838
14.912;-51.569;-49.934;-17.955
14.928;-53.802;-49.934;-17.955
14.93;86.322;-46.491;-9.502
14.952;91.556;-46.398;-6.904
14.97;59.047;-47.89;-7.848
14.994;40.254;-49.111;-8.057
14.995;74.375;-49.111;-8.057
15.028;105.33;-47.737;-5.35
15.047;114.614;-47.223;-5.895
15.052;96.058;-47.223;-5.895
15.068;27.984;-48.985;-10.23
15.088;24.177;-48.717;-10.588
15.115;74.189;-48.159;-8.131
15.118;121.974;-48.159;-8.131
15.131;90.436;-50.057;-7.844
15.157;92.49;-50.021;-4.973
15.165;92.301;-50.096;-3.746
15.18;84.866;-50.096;-3.746
15.185;63.419;-52.198;-3.382
15.206;75.401;-50.933;-3.648
15.227;118.873;-46.735;-2.714
15.246;142.015;-41.699;-1.34
15.266;143.751;-39.547;0.657
15.287;137.25;-41.7;0.711
15.307;121.896;-47.87;-7.037
15.31;128.974;-47.87;-7.037
15.333;-111.481;-49.335;-19.384
15.352;-149.921;-42.623;-20.611
15.372;179.259;-32.747;-12.604
15.388;-173.614;-32.747;-12.604
15.39;170.963;-24.552;-2.919
15.407;162.695;-23.553;3.984
15.424;155.266;-29.004;7.051
15.438;156.685;-29.004;7.051
15.449;153.48;-33.748;5.963
15.483;161.909;-30.193;2.235
15.576;165.788;-31.058;-0.791
15.576;166.046;-31.058;-0.791
15.577;174.635;-32.458;-5.615
15.578;170.896;-33.609;-4.062
15.579;155.881;-34.136;3.307
15.58;160.595;-34.136;3.307
15.586;149.759;-34.846;9.465
15.602;142.119;-39.071;9.708
15.641;148.112;-42.865;2.753
15.662;157.09;-39.209;2.159
15.722;163.657;-37.131;0.899
15.743;163.37;-33.751;2.693
15.763;164.866;-30.007;3.384
15.764;166.485;-30.007;3.384
15.793;166.124;-29.395;3.857
15.805;162.9;-31.595;5.073
15.827;161.082;-37.357;3.104
15.829;159.628;-37.357;3.104
15.845;155,00;-43.136;0.966
15.864;156.091;-46.673;-1.951
15.878;162.273;-45.173;-2.189
15.888;168.108;-45.173;-2.189
15.899;165.316;-41.133;0.088
15.938;152.546;-41.928;4.089
15.953;152.257;-41.928;4.089
15.997;135.764;-47.852;2.101
16.018;158.77;-41.374;2.049
16.019;159.878;-41.374;2.049
16.038;174.869;-34.573;-1.812
16.058;176.646;-31.739;-2.426
16.078;-178.788;-33.362;-4.94
16.088;-178.689;-33.362;-4.94
16.105;-178.048;-39.565;-4.949
16.123;177.613;-39.154;-3.351
16.139;175.973;-34.159;-2.183
16.146;177.848;-34.159;-2.183
16.159;179.29;-31.357;-2.867
16.177;-171.183;-33.625;-7.973
16.196;-147.191;-37.365;-20.109
16.212;-144.63;-37.365;-20.109
16.22;-137.633;-37.241;-27.369
16.237;-142.617;-36.165;-23.618
16.257;-165.453;-29.717;-11.233
16.279;-174.121;-27.862;-5.888
16.28;-174.088;-27.862;-5.888
16.316;-157.864;-33.534;-13.761
16.338;-155.092;-31.904;-16.776
16.34;-150.81;-31.904;-16.776
16.359;-155.357;-29.694;-15.066
16.375;-160.563;-27.915;-12.284
16.395;-156.591;-27.018;-15.946
16.405;-153.389;-27.018;-15.946
16.414;-141.026;-33.561;-21.073
16.435;-130.8;-39.895;-20.169
16.455;-139.23;-38.692;-14.5
16.475;-136.779;-38.692;-14.5
16.476;-151.212;-31.91;-10.343
16.494;-151.669;-29.685;-11.991
16.519;-142.404;-33.137;-17.781
16.535;-130.377;-39.111;-22.822
16.536;-127.393;-39.111;-22.822
16.555;-123.919;-41.458;-20.485
16.578;-126.299;-40.794;-18.043
16.597;-131.662;-38.006;-17.968
16.599;-131.496;-38.006;-17.968
16.613;-138.702;-32.961;-17.894
16.635;-142.309;-30.695;-16.439
16.652;-142.837;-32.477;-13.063
16.661;-137.254;-32.477;-13.063
16.673;-135.432;-34.485;-11.563
16.692;-142.117;-31.126;-9.087
16.712;-150.628;-27.05;-5.002
16.728;-147.768;-27.05;-5.002
16.732;-153.324;-26.174;-1.415
16.755;-151.694;-27.197;-1.809
16.786;-142.371;-32.948;-2.583
16.799;-132.413;-37.178;-3.079
16.813;-132.451;-36.378;-4.675
16.831;-135.293;-34.765;-5.314
16.85;-142.16;-31.357;-4.78
16.857;-133.953;-31.357;-4.78
16.871;-137.112;-29.736;-4.497
16.89;-139.198;-31.182;-0.652
16.912;-136.357;-32.49;-0.793
16.92;-136.478;-32.49;-0.793
16.932;-131.643;-34.112;-1.219
16.951;-136.807;-33.776;1.303
16.971;-149.361;-32.191;5.126
16.989;-148.546;-32.191;5.126
16.99;-155.782;-32.615;7.625
17.011;-138.132;-35.89;5.774
17.031;-117.276;-38.889;4.574
17.049;-112.483;-39.918;6.094
17.049;-91.185;-39.918;6.094
17.069;-117.922;-36.981;6.353
17.089;-130.716;-35.606;7.222
17.108;-125.392;-36.208;6.893
17.113;-121.142;-36.208;6.893
17.132;-117.447;-36.873;7.741
17.151;-109.517;-37.154;6.458
17.18;-93.635;-37.154;6.458
17.189;-91.469;-37.451;5.152
17.21;-85.409;-38.344;4.211
17.233;-98.861;-36.483;4.374
17.248;-89.183;-36.483;4.374
17.25;-82.422;-38.944;-1.223
17.27;-64.146;-44.872;-2.775
17.29;-53.391;-47.954;-1.521
17.307;-56.622;-45.136;0.711
17.307;-52.79;-45.136;0.711
17.326;-62.412;-40.385;4.213
17.347;-59.168;-40.573;5.034
17.366;-45.169;-45.716;3.059
17.37;-46.645;-45.716;3.059
17.387;-44.331;-49.85;-0.078
17.408;-40.43;-52.85;-0.764
17.426;-48.584;-48.275;-0.569
17.434;-47.437;-48.275;-0.569
17.45;-61.856;-42.48;-0.515
17.464;-61.302;-41.702;1.037
17.485;-57.79;-41.563;2.892
17.499;-57.784;-41.563;2.892
17.503;-60.447;-40.628;3.094
17.526;-50.687;-45.386;1.282
17.544;-51.583;-45.816;0.346
17.566;-58.126;-44.136;-0.955
17.567;-56.341;-44.136;-0.955
17.593;-55.113;-45.576;-2.114
17.608;-53.838;-49.112;-5.501
17.629;-50.724;-51.235;-5.807
17.63;-49.518;-51.235;-5.807
17.643;-43.178;-50.924;-1.821
17.663;-42.522;-49.343;-0.119
17.683;-43.489;-47.947;0.622
17.694;-44.696;-47.947;0.622
17.703;-52.061;-48.924;-4.322
17.722;-58.489;-50.876;-10.694
17.744;-59.797;-51.007;-11.792
17.756;-62.242;-51.007;-11.792
17.763;-59.219;-50.504;-8.959
17.791;-52.902;-50.569;-4.833
17.809;-60.107;-45.191;-2.664
17.828;-78.694;-38.715;-3.91
17.83;-81.199;-38.715;-3.91
17.841;-89.386;-36.262;-5.227
17.864;-86.843;-36.918;-4.282
17.892;-96.632;-33.67;-4.843
17.894;-96.44;-33.67;-4.843
17.911;-109.047;-29.239;-7.229
17.929;-114.436;-26.928;-7.772
17.948;-116.6;-26.437;-5.944
17.959;-115.964;-26.437;-5.944
17.961;-118.801;-26.532;-2.31
17.979;-126.645;-25.24;0.597
17.999;-131.155;-23.4;0.171
18.012;-124.373;-23.4;0.171
18.019;-103.168;-28.851;-5.175
18.059;-82.857;-38.844;-15.79
18.079;-82.074;-37.235;-10.651
18.099;-77.211;-39.119;-6.212
18.126;-63.976;-42.478;-3.895
18.145;-65.968;-41.349;-3.098
18.147;-66.14;-41.349;-3.098
18.163;-70.883;-40.059;-3.688
18.182;-64.114;-41.464;-2.098
18.202;-62.971;-40.532;0.12
18.209;-60.893;-40.532;0.12
18.221;-67.726;-39.787;-2.18
18.237;-66.131;-43.843;-8.368
18.258;-61.696;-45.81;-8.341
18.272;-69.205;-45.81;-8.341
18.277;-70.261;-42.957;-3.986
18.297;-81.159;-37.943;-0.194
18.319;-81.27;-38.152;-1.009
18.342;-65.167;-46.385;-6.31
18.343;-63.558;-46.385;-6.31
18.359;-61.542;-54.851;-15.587
18.378;-58.721;-54.305;-12.798
18.415;-70.207;-44.867;-8.853
18.436;-77.702;-39.643;-4.524
18.456;-82.171;-38.031;-4.446
18.464;-88.019;-38.031;-4.446
18.475;-87.675;-38.918;-7.481
18.495;-88.315;-39.023;-8.783
18.518;-86.338;-39.608;-8.089
18.529;-87.29;-39.608;-8.089
18.536;-78.828;-42.981;-8.145
18.555;-75.9;-44.87;-9.575
18.574;-95.65;-36.813;-10.849
18.595;-120.245;-26.807;-3.715
18.704;-123.707;-26.807;-3.715
18.707;-141.361;-22.126;2.606
18.709;-124.697;-28.702;1.744
18.71;-61.742;-45.774;-0.175
18.711;-63.028;-45.774;-0.175
18.712;-45.234;-52.503;0.691
18.712;-71.422;-41.234;4.167
18.713;-128.846;-27.858;4.422
18.722;-135.018;-27.858;4.422
18.731;-137.537;-23.884;0.577
18.751;-131.731;-24.71;-2.421
18.771;-118.734;-30.543;-0.935
18.787;-120.869;-30.543;-0.935
18.812;-40.329;-37.931;15.027
18.832;145.862;-32.466;19.866
18.852;156.438;-29.479;19.985
18.852;161.116;-29.479;19.985
18.871;170,00;-29.05;18.544
18.891;-170.672;-29.071;15.237
18.931;-120.972;-30.695;7.269
18.973;-147.462;-25.65;10.377
18.982;-142.296;-25.65;10.377
18.992;-138.625;-28.671;12.469
19.011;-129.709;-33.033;16.577
19.045;108.803;-34.316;21.718
19.069;151.61;-27.904;22.427
19.111;151.904;-31.35;20.076
19.112;151.149;-31.35;20.076
19.133;149.802;-30.014;21.285
19.15;165.565;-29.79;18.536
19.173;-157.08;-32.721;14.095
19.175;-164.788;-32.721;14.095
19.197;-93.811;-37.118;8.561
19.211;-89.973;-37.511;8.351
19.228;-144.971;-31.99;10.921
19.237;-148.993;-31.99;10.921
19.248;-154.612;-28.049;9.583
19.269;-138.458;-30.397;6.477
19.287;-114.146;-33.862;-0.037
19.302;-121.309;-33.862;-0.037
19.307;-118.371;-34.062;-2.143
19.327;-127.769;-31.817;-0.203
19.35;-138.364;-28.538;1.002
19.367;-132.249;-28.994;-2.287
19.368;-137.836;-28.994;-2.287
19.387;-128.201;-30.909;-7.092
19.406;-130.084;-30.136;-6.8
19.427;-134.021;-28.714;-5.707
19.433;-144.384;-28.714;-5.707
19.454;-141.196;-29.56;-7.162
19.472;-132.199;-31.047;-13.798
19.486;-132.138;-30.877;-14.246
19.495;-137.609;-30.877;-14.246
19.506;-138.114;-30.719;-13.939
19.525;-141.958;-31.41;-9.225
19.546;-139.461;-31.334;-11.572
19.562;-147.126;-31.334;-11.572
19.585;-141.292;-32.065;-15.83
19.586;-146.718;-29.905;-13.457
19.624;-157.507;-25.559;-8.272
19.625;-161.873;-25.559;-8.272
19.645;-168.932;-21.683;-4.17
19.669;-168.07;-24.42;-4.045
19.698;-154.003;-33.106;-9.159
19.724;-145.011;-35.92;-11.078
19.727;-161.076;-32.177;-5.906
19.752;-168.99;-29.793;-2.997
19.753;-169.839;-29.793;-2.997
19.763;-168.973;-29.938;-3.45
19.796;-162.472;-29.417;-7.565
19.81;-157.797;-30.53;-10.007
19.828;-164.408;-30.53;-10.007
19.829;-159.382;-33.568;-11.298
19.841;-152.811;-35.216;-13.743
19.861;-148.897;-35.758;-15.548
19.881;-153.887;-34.745;-13.517
19.881;-153.345;-34.745;-13.517
19.901;-156.301;-35.143;-11.575
19.92;-144.042;-39.478;-13.888
19.94;-114.504;-46.467;-17.815
19.96;-84.132;-52.609;-18.458
19.98;-66.364;-53.646;-11.784
20,00;-136.786;-47.133;-5.669
20.009;-157.373;-47.133;-5.669
20.039;155.505;-45.615;-0.442
20.059;156.778;-44.236;0.303
20.076;156.591;-44.236;0.303
20.078;170.525;-42.786;-1.239
20.099;-177.32;-42.589;-3.239
20.119;175.765;-40.959;-1.899
20.139;170.219;-38.998;-0.2
20.14;153.593;-38.998;-0.2
20.159;160.854;-40.54;-3.228
20.179;-179.921;-41.47;-7.385
20.198;-179.684;-39.07;-7.447
20.205;177.961;-39.07;-7.447
20.219;177.515;-38.326;-7.286
20.238;-177.436;-40.231;-8.539
20.259;-154.209;-43.445;-11.868
20.271;-148.937;-43.445;-11.868
20.288;-119.436;-45.183;-14.52
20.304;-154.626;-42.513;-11.761
20.321;179.417;-41.277;-8.222
20.337;178.467;-41.277;-8.222
20.338;-175.397;-45.371;-8.731
20.358;-41.237;-51.84;-13.864
20.379;-24.923;-53.887;-12.765
20.398;-6.766;-52.206;-9.287
20.398;-16.263;-52.206;-9.287
20.423;-24.449;-50.796;-9.478
20.439;-164.302;-45.572;-8.031
20.46;-64.673;-49.095;-12.055
20.461;-66.752;-49.095;-12.055
20.475;-48.584;-53.261;-15.231
20.496;-69.304;-50.402;-16.63
20.516;-76.995;-48.36;-12.74
20.526;-74.136;-48.36;-12.74
20.535;-61.83;-48.45;-10.189
20.556;131.467;-46.283;-5.098
20.575;109.409;-45.682;-0.605
20.595;112.562;-45.682;-0.605
20.597;44.828;-49.587;-2.622
20.619;-30.992;-53.033;-11.259
20.639;-47.309;-51.18;-12.345
20.657;-9.619;-49.485;-6.738
20.659;-23.259;-49.485;-6.738
20.675;55.808;-48.3;-3.369
20.696;-124.077;-46.542;-7.187
20.719;142.329;-45.931;-3.757
20.72;136.64;-45.931;-3.757
20.733;118.511;-45.864;-0.21
20.757;42.175;-51.994;-1.731
20.774;41.276;-49.537;-4.985
20.783;109.103;-49.537;-4.985
20.801;179.37;-37.981;-6.88
20.834;174.313;-28.778;-3.868
20.849;175.44;-28.778;-3.868
20.853;171.092;-25.918;-0.705
20.874;169.034;-23.675;1.294
20.892;169.399;-29.408;-0.525
20.914;146.383;-43.867;0.13
20.915;149.301;-43.867;0.13
20.933;155.778;-43.183;-0.569
20.954;161.709;-35.658;2.155
20.972;164.855;-33.033;1.972
20.976;165.031;-33.033;1.972
21.012;167.614;-39.631;-1.3
21.034;169.847;-36.206;-0.924
21.052;154.251;-38.057;3.242
21.084;123.11;-43.993;8.469
21.114;101.155;-48.06;6.376
21.114;110.702;-48.06;6.376
21.115;112.922;-48.637;2.024
21.133;130.421;-46.217;3.583
21.149;141.796;-44.104;3.674
21.169;135.91;-46.082;2.351
21.17;144.645;-46.082;2.351
21.189;165.756;-48.908;-3.06
21.208;-152.904;-49.44;-5.977
21.228;170.231;-49.33;-3.535
21.234;159.641;-49.33;-3.535
21.25;139.518;-48.222;0.153
21.268;111.776;-50.81;-0.289
21.288;65.248;-53.423;-0.083
21.301;82.546;-53.423;-0.083
21.307;130.596;-49.925;1.618
21.329;159.694;-46.368;-0.517
21.347;172.258;-41.685;-2.074
21.362;171.355;-41.685;-2.074
21.371;175.478;-37.716;-3.065
21.399;-174.639;-41.426;-7.18
21.408;-157.696;-42.739;-13.096
21.434;-167.943;-32.731;-12.784
21.435;-168.023;-32.731;-12.784
21.448;-173.96;-24.988;-10.367
21.47;-178.031;-24.314;-7.121
21.499;178.814;-27.475;-4.643
21.522;-178.29;-32.154;-5.651
21.527;-174.323;-33.794;-7.395
21.547;-179.906;-31.254;-4.848
21.565;175.437;-30.899;-2.37
21.587;-175.422;-36.408;-6.57
21.605;-151.521;-43.063;-11.361
21.62;-155.372;-43.063;-11.361
21.624;-86.618;-50.33;-10.669
21.644;91.839;-50.141;0.554
21.665;136.049;-41.465;7.864
21.684;132.768;-43.474;5.868
21.727;141.696;-43.474;5.868
21.727;90.168;-50.607;0.25
21.728;-37.377;-51.317;-4.268
21.743;-163.109;-48.616;-4.289
21.749;-179.609;-48.616;-4.289
21.763;-169.061;-46.675;-6.106
21.784;-164.544;-46.32;-7.076
21.804;-165.204;-47.507;-6.431
21.813;-172.213;-47.507;-6.431
21.827;158.277;-50.027;-2.462
21.845;154.25;-49.82;-1.747
21.864;157.355;-48.101;-0.96
21.885;161.095;-48.101;-0.96
21.887;176.262;-48.731;-3.547
21.905;-141.226;-51.132;-7.278
21.936;177.343;-43.974;-3.329
21.953;171.175;-35.521;0.561
21.953;171.281;-35.521;0.561
21.972;159.496;-38.697;5.937
21.981;127.357;-49.316;8.953
22.002;174.377;-38.543;-1.71
22.007;177.265;-38.543;-1.71
22.139;153.722;-52.042;-1.222
22.14;160.76;-42.967;3.544
22.16;174.683;-28.23;0.055
22.18;175.18;-24.78;0.098
22.201;174.437;-28.225;-0.227
22.222;169.63;-31.64;2.613
22.239;157.806;-33.269;10.835
22.259;151.413;-34.741;15.284
22.263;148.744;-34.741;15.284
22.283;154.142;-35.066;9.895
22.306;161.163;-34.14;5.151
22.357;164.752;-30.697;3.179
22.378;163.769;-28.111;5.178
22.395;160.393;-28.111;5.178
22.417;164.634;-25.067;2.937
22.436;165.508;-24.768;2.281
22.457;164.662;-26.484;2.318
22.457;165.196;-26.484;2.318
22.476;164.718;-29.816;1.301
22.496;165.803;-33.462;-0.895
22.516;165.728;-38.259;-2.801
22.52;167.841;-38.259;-2.801
22.536;158.243;-46.958;-3.855
22.556;-51.719;-56.823;-14.933
22.576;-144.696;-45.793;-17.973
22.585;-155.128;-45.793;-17.973
22.601;-175.355;-32.649;-13.648
22.626;176.259;-29.555;-7.83
22.644;166.713;-33.514;-1.976
22.65;163.98;-33.514;-1.976
22.655;151.868;-41.605;-0.159
22.679;136.212;-45.803;3.175
22.706;140.311;-44.022;3.706
22.727;155.052;-42.552;-2.616
22.728;153.547;-42.552;-2.616
22.735;176.588;-45.11;-11.414
22.761;-158.915;-47.036;-16.688
22.78;-174.099;-44.065;-13.963
22.781;-173.622;-44.065;-13.963
22.793;171.043;-37.847;-8.024
22.815;162.955;-35.1;-2.595
22.848;153.359;-37.684;1.764
22.849;150.829;-37.684;1.764
22.854;141.929;-40.678;4.969
22.88;145.586;-37.703;6.088
22.893;146.997;-38.887;3.332
22.914;147.127;-38.887;3.332
22.915;139.403;-43.638;1.249
22.946;141.666;-45.02;-1.808
22.953;150.017;-43.217;-2.704
22.981;151.477;-44.546;-4.443
22.982;153.819;-44.546;-4.443
22.997;150.598;-45.775;-4.52
23.033;145.383;-40.138;4.507
23.052;156.102;-40.138;4.507
23.054;158.476;-41.614;2.037
23.081;160.072;-43.355;0.09
23.111;165.143;-43.366;-2.036
23.13;164.224;-41.932;-0.953
23.152;164.223;-39.464;0.267
23.168;156.772;-39.464;0.267
23.169;160.422;-39.779;-1.818
23.189;154.02;-46.428;-4.175
23.209;139.667;-49.312;-3.725
23.229;152.338;-49.312;-3.725
23.248;14.306;-60.514;-4.614
23.269;156.727;-43.339;0.004
23.291;155.833;-43.881;-0.076
23.293;161.908;-43.881;-0.076
23.313;169.642;-44.529;-2.773
23.348;154.756;-45.125;1.493
23.357;159.626;-45.125;1.493
23.368;167.962;-43.834;-0.545
23.388;158.32;-44.195;2.562
23.408;150.305;-44.228;5.731
23.424;154.675;-44.228;5.731
23.428;153.373;-41.888;8.464
23.45;153.056;-44.475;6.219
23.468;152.832;-49.406;1.714
23.493;173.558;-47.745;-1.897
23.494;159.663;-47.745;-1.897
23.51;156.578;-45.084;0.971
23.551;154.559;-39.831;6.301
23.554;154.076;-39.831;6.301
23.57;152.448;-42.079;5.155
23.594;143.315;-48.997;0.787
23.629;148.527;-49.255;3.142
23.649;159.578;-42.79;4.282
23.672;162.131;-43.199;2.747
23.68;161.261;-43.199;2.747
23.689;160.104;-46.097;1.386
23.709;160.581;-48.186;-0.147
23.729;150.075;-48.796;2.689
23.75;150.635;-46.453;5.033
23.752;152.743;-46.453;5.033
23.769;147.043;-50.3;3.228
23.788;106.441;-57.734;-4.749
23.815;-40.962;-61.767;-12.582
23.816;-51.914;-61.767;-12.582
23.827;144.158;-57.022;-3.481
23.847;150.2;-49.757;4.443
23.864;144.621;-50.1;7.028
23.873;151.874;-50.1;7.028
23.883;133.49;-55.182;8.044
23.903;142.326;-53.334;7.363
23.923;155.51;-48.318;6.867
23.937;153.89;-48.318;6.867
23.943;122.919;-55.166;18.21
